{"epoch": 19999, "loss": 9.164182870335935e-07, "_timestamp": 1719982473.970289, "_runtime": 465.4710729122162, "_step": 200010, "iteration": 10, "final_loss": 9.164182870335935e-07, "time": 457.1989777088165, "final_average_loss": 9.100605836920294e-07, "mse": 0.3330944482024305, "_wandb": {"runtime": 465}}