{"epoch": 19999, "loss": 9.92579202829802e-07, "_timestamp": 1719925144.105943, "_runtime": 1224.833615064621, "_step": 200010, "iteration": 10, "final_loss": 9.92579202829802e-07, "time": 440.0401589870453, "final_average_loss": 9.048282606727298e-07, "mse": 0.39537769698079983, "_wandb": {"runtime": 1224}}